<?xml version="1.0" encoding="UTF-8" standalone="yes"?>
<addon id="plugin.video.dooserieshd" name="DooSeriesHD" version="1.0.0" provider-name="iClosedz (iClosedz.blogspot.com)">
	<extension point="xbmc.addon.repository" name="IPTV XBMC Add-ons">
		<info compressed="false">https://raw.github.com/iClosedz/serieshd-xbmc-addons/master/plugin.video.dooserieshd/addons.xml</info>
		<checksum>https://raw.github.com/iClosedz/serieshd-xbmc-addons/master/plugin.video.dooserieshd/addons.xml.md5</checksum>
		<datadir zip="true">https://raw.github.com/iClosedz/serieshd-xbmc-addons/master/plugin.video.dooserieshd</datadir>
	</extension>
	<extension point="xbmc.addon.metadata">
		<summary>Install Add-ons from DooSeriesHD Add-on Repository</summary>
		<description>Plug-ins for XBMC</description>
		<disclaimer>There are add-ons that allow viewing TV Series in XBMC</disclaimer>
		<platform>all</platform>
	</extension>
</addon>
