<?xml version="1.0" encoding="UTF-8" standalone="yes"?>
<addon id="repository.dooserieshd" name="DooSeriesHD XBMC Add-ons" version="1.0.0" provider-name="iClosedz (iClosedz.blogspot.com)">
	<extension point="xbmc.addon.repository" name="DooSeriesHD XBMC Add-ons">
		<info compressed="false">https://github.com/iClosedz/dooserieshd-xbmc-addons/raw/master/addons.xml</info>
		<checksum>https://github.com/iClosedz/dooserieshd-xbmc-addons/raw/master/addons.xml.md5</checksum>
		<datadir zip="true">https://github.com/iClosedz/dooserieshd-xbmc-addons/raw/master/</datadir>
	</extension>
	<extension point="xbmc.addon.metadata">
		<summary>Install Add-ons from DooSeriesHD Add-on Repository</summary>
		<description>Plug-ins for XBMC สำหรับดูซีรี่ย์ ออนไลน์</description>
		<disclaimer>There are add-ons that allow viewing TV Series in XBMC</disclaimer>
		<platform>all</platform>
	</extension>
</addon>
